month,n_days,dominant_shape,dominant_pct,flicker_pct
1,192,0.1,33.3,70.8
2,162,0.0,42.6,55.6
3,176,0.0,54.5,39.8
4,190,0.0,64.2,35.8
5,182,0.0,41.8,37.4
6,157,0.0,35.7,28.0
7,172,1,39.0,51.7
8,177,1,57.6,26.6
9,162,1,51.9,22.8
10,179,1,50.8,60.3
11,183,1,37.7,62.8
12,156,0.0,32.7,61.5
